chunk_idx,sample_idx,min_value,max_value
0,0,-6911.539219775795,6360.41254544512
0,1,-6911.539219775795,6360.41254544512
0,2,-6911.539219775795,6360.41254544512
0,3,-6911.539219775795,6360.41254544512
0,4,-6911.539219775795,6360.41254544512
1,0,-4657.818247750014,4857.751560316488
1,1,-4657.818247750014,4857.751560316488
1,2,-4657.818247750014,4857.751560316488
1,3,-4657.818247750014,4857.751560316488
1,4,-4657.818247750014,4857.751560316488
2,0,-4870.40523593285,6343.437034145396
2,1,-4870.40523593285,6343.437034145396
2,2,-4870.40523593285,6343.437034145396
2,3,-4870.40523593285,6343.437034145396
2,4,-4870.40523593285,6343.437034145396
3,0,-3356.128950987101,4909.8914362664045
3,1,-3356.128950987101,4909.8914362664045
3,2,-3356.128950987101,4909.8914362664045
3,3,-3356.128950987101,4909.8914362664045
3,4,-3356.128950987101,4909.8914362664045
4,0,-4087.765475984672,5416.666526608004
4,1,-4087.765475984672,5416.666526608004
4,2,-4087.765475984672,5416.666526608004
4,3,-4087.765475984672,5416.666526608004
4,4,-4087.765475984672,5416.666526608004
5,0,-2636.9548214106285,3695.767089020751
5,1,-2636.9548214106285,3695.767089020751
5,2,-2636.9548214106285,3695.767089020751
5,3,-2636.9548214106285,3695.767089020751
5,4,-2636.9548214106285,3695.767089020751
6,0,-6017.7465855609535,8610.170382018527
6,1,-6017.7465855609535,8610.170382018527
6,2,-6017.7465855609535,8610.170382018527
6,3,-6017.7465855609535,8610.170382018527
6,4,-6017.7465855609535,8610.170382018527
7,0,-3168.779323688128,4574.556314555482
7,1,-3168.779323688128,4574.556314555482
7,2,-3168.779323688128,4574.556314555482
7,3,-3168.779323688128,4574.556314555482
7,4,-3168.779323688128,4574.556314555482
8,0,-4799.254252382695,6929.020005572683
8,1,-4799.254252382695,6929.020005572683
8,2,-4799.254252382695,6929.020005572683
8,3,-4799.254252382695,6929.020005572683
8,4,-4799.254252382695,6929.020005572683
9,0,-4025.5297732757,7945.693036855135
9,1,-4025.5297732757,7945.693036855135
9,2,-4025.5297732757,7945.693036855135
9,3,-4025.5297732757,7945.693036855135
9,4,-4025.5297732757,7945.693036855135
10,0,-3038.411967955292,4232.491167250755
10,1,-3038.411967955292,4232.491167250755
10,2,-3038.411967955292,4232.491167250755
10,3,-3038.411967955292,4232.491167250755
10,4,-3038.411967955292,4232.491167250755
11,0,-5989.297482477129,7354.184501589559
11,1,-5989.297482477129,7354.184501589559
11,2,-5989.297482477129,7354.184501589559
11,3,-5989.297482477129,7354.184501589559
11,4,-5989.297482477129,7354.184501589559
12,0,-3313.625333999351,3956.495542643632
12,1,-3313.625333999351,3956.495542643632
12,2,-3313.625333999351,3956.495542643632
12,3,-3313.625333999351,3956.495542643632
12,4,-3313.625333999351,3956.495542643632
13,0,-1916.8220947233588,3413.4373264369096
13,1,-1916.8220947233588,3413.4373264369096
13,2,-1916.8220947233588,3413.4373264369096
13,3,-1916.8220947233588,3413.4373264369096
13,4,-1916.8220947233588,3413.4373264369096
14,0,-3321.0118700149433,4770.445034596816
14,1,-3321.0118700149433,4770.445034596816
14,2,-3321.0118700149433,4770.445034596816
14,3,-3321.0118700149433,4770.445034596816
14,4,-3321.0118700149433,4770.445034596816
15,0,-2878.8158975101846,4964.4144336944655
15,1,-2878.8158975101846,4964.4144336944655
15,2,-2878.8158975101846,4964.4144336944655
15,3,-2878.8158975101846,4964.4144336944655
15,4,-2878.8158975101846,4964.4144336944655
16,0,-2601.426870008153,4373.80750689484
16,1,-2601.426870008153,4373.80750689484
16,2,-2601.426870008153,4373.80750689484
16,3,-2601.426870008153,4373.80750689484
16,4,-2601.426870008153,4373.80750689484
17,0,-2690.6156496702815,4820.31668475006
17,1,-2690.6156496702815,4820.31668475006
17,2,-2690.6156496702815,4820.31668475006
17,3,-2690.6156496702815,4820.31668475006
17,4,-2690.6156496702815,4820.31668475006
18,0,-2489.7140105872486,4519.016136744841
18,1,-2489.7140105872486,4519.016136744841
18,2,-2489.7140105872486,4519.016136744841
18,3,-2489.7140105872486,4519.016136744841
18,4,-2489.7140105872486,4519.016136744841
19,0,-2965.9518159192235,4371.040574082063
19,1,-2965.9518159192235,4371.040574082063
19,2,-2965.9518159192235,4371.040574082063
19,3,-2965.9518159192235,4371.040574082063
19,4,-2965.9518159192235,4371.040574082063
20,0,-2340.6829207465207,3851.593189230492
20,1,-2340.6829207465207,3851.593189230492
20,2,-2340.6829207465207,3851.593189230492
20,3,-2340.6829207465207,3851.593189230492
20,4,-2340.6829207465207,3851.593189230492
21,0,-3566.793436998364,5400.791090425248
21,1,-3566.793436998364,5400.791090425248
21,2,-3566.793436998364,5400.791090425248
21,3,-3566.793436998364,5400.791090425248
21,4,-3566.793436998364,5400.791090425248
22,0,-2713.5986307466915,4630.798376645341
22,1,-2713.5986307466915,4630.798376645341
22,2,-2713.5986307466915,4630.798376645341
22,3,-2713.5986307466915,4630.798376645341
22,4,-2713.5986307466915,4630.798376645341
23,0,-2877.2485886145705,4152.452307317841
23,1,-2877.2485886145705,4152.452307317841
23,2,-2877.2485886145705,4152.452307317841
23,3,-2877.2485886145705,4152.452307317841
23,4,-2877.2485886145705,4152.452307317841
24,0,-4970.822660322307,6747.002890221158
24,1,-4970.822660322307,6747.002890221158
24,2,-4970.822660322307,6747.002890221158
24,3,-4970.822660322307,6747.002890221158
24,4,-4970.822660322307,6747.002890221158
25,0,-3417.282378922916,5162.835625808992
25,1,-3417.282378922916,5162.835625808992
25,2,-3417.282378922916,5162.835625808992
25,3,-3417.282378922916,5162.835625808992
25,4,-3417.282378922916,5162.835625808992
26,0,-3390.685690254409,4715.416825248731
26,1,-3390.685690254409,4715.416825248731
26,2,-3390.685690254409,4715.416825248731
26,3,-3390.685690254409,4715.416825248731
26,4,-3390.685690254409,4715.416825248731
27,0,-2886.7761843077524,4903.515911393695
27,1,-2886.7761843077524,4903.515911393695
27,2,-2886.7761843077524,4903.515911393695
27,3,-2886.7761843077524,4903.515911393695
27,4,-2886.7761843077524,4903.515911393695
28,0,-2744.0737413698894,4337.546743506328
28,1,-2744.0737413698894,4337.546743506328
28,2,-2744.0737413698894,4337.546743506328
28,3,-2744.0737413698894,4337.546743506328
28,4,-2744.0737413698894,4337.546743506328
29,0,-3194.4374800474525,4656.372019772419
29,1,-3194.4374800474525,4656.372019772419
29,2,-3194.4374800474525,4656.372019772419
29,3,-3194.4374800474525,4656.372019772419
29,4,-3194.4374800474525,4656.372019772419
30,0,-3139.5967136391,4549.781216604116
30,1,-3139.5967136391,4549.781216604116
30,2,-3139.5967136391,4549.781216604116
30,3,-3139.5967136391,4549.781216604116
30,4,-3139.5967136391,4549.781216604116
31,0,-3064.279768888889,4640.390459337619
31,1,-3064.279768888889,4640.390459337619
31,2,-3064.279768888889,4640.390459337619
31,3,-3064.279768888889,4640.390459337619
31,4,-3064.279768888889,4640.390459337619
32,0,-3275.5428947617393,5281.956258184502
32,1,-3275.5428947617393,5281.956258184502
32,2,-3275.5428947617393,5281.956258184502
32,3,-3275.5428947617393,5281.956258184502
32,4,-3275.5428947617393,5281.956258184502
33,0,-3035.0320189080862,4248.811549220283
33,1,-3035.0320189080862,4248.811549220283
33,2,-3035.0320189080862,4248.811549220283
33,3,-3035.0320189080862,4248.811549220283
33,4,-3035.0320189080862,4248.811549220283
34,0,-8974.841228535772,4918.120738391965
34,1,-8974.841228535772,4918.120738391965
34,2,-8974.841228535772,4918.120738391965
34,3,-8974.841228535772,4918.120738391965
34,4,-8974.841228535772,4918.120738391965
35,0,-2359.453616842396,4408.577147363903
35,1,-2359.453616842396,4408.577147363903
35,2,-2359.453616842396,4408.577147363903
35,3,-2359.453616842396,4408.577147363903
35,4,-2359.453616842396,4408.577147363903
36,0,-2172.0078583947948,3909.890903955388
36,1,-2172.0078583947948,3909.890903955388
36,2,-2172.0078583947948,3909.890903955388
36,3,-2172.0078583947948,3909.890903955388
36,4,-2172.0078583947948,3909.890903955388
37,0,-2687.921747278722,4773.863952955931
37,1,-2687.921747278722,4773.863952955931
37,2,-2687.921747278722,4773.863952955931
37,3,-2687.921747278722,4773.863952955931
37,4,-2687.921747278722,4773.863952955931
38,0,-2806.4762983250703,4188.8077623674735
38,1,-2806.4762983250703,4188.8077623674735
38,2,-2806.4762983250703,4188.8077623674735
38,3,-2806.4762983250703,4188.8077623674735
38,4,-2806.4762983250703,4188.8077623674735
39,0,-2390.871059237361,4044.2920571546215
39,1,-2390.871059237361,4044.2920571546215
39,2,-2390.871059237361,4044.2920571546215
39,3,-2390.871059237361,4044.2920571546215
39,4,-2390.871059237361,4044.2920571546215
40,0,-2418.100261619337,4014.675003816592
40,1,-2418.100261619337,4014.675003816592
40,2,-2418.100261619337,4014.675003816592
40,3,-2418.100261619337,4014.675003816592
40,4,-2418.100261619337,4014.675003816592
41,0,-3050.253016749232,4354.560143251126
41,1,-3050.253016749232,4354.560143251126
41,2,-3050.253016749232,4354.560143251126
41,3,-3050.253016749232,4354.560143251126
41,4,-3050.253016749232,4354.560143251126
42,0,-3762.1131985468905,5349.673275719746
42,1,-3762.1131985468905,5349.673275719746
42,2,-3762.1131985468905,5349.673275719746
42,3,-3762.1131985468905,5349.673275719746
42,4,-3762.1131985468905,5349.673275719746
43,0,-2878.346690886639,4454.140531016819
43,1,-2878.346690886639,4454.140531016819
43,2,-2878.346690886639,4454.140531016819
43,3,-2878.346690886639,4454.140531016819
43,4,-2878.346690886639,4454.140531016819
44,0,-3552.810920801545,4446.495599877855
44,1,-3552.810920801545,4446.495599877855
44,2,-3552.810920801545,4446.495599877855
44,3,-3552.810920801545,4446.495599877855
44,4,-3552.810920801545,4446.495599877855
45,0,-2734.4970618648085,4786.999653557536
45,1,-2734.4970618648085,4786.999653557536
45,2,-2734.4970618648085,4786.999653557536
45,3,-2734.4970618648085,4786.999653557536
45,4,-2734.4970618648085,4786.999653557536
46,0,-2479.6042239883777,4951.755390404791
46,1,-2479.6042239883777,4951.755390404791
46,2,-2479.6042239883777,4951.755390404791
46,3,-2479.6042239883777,4951.755390404791
46,4,-2479.6042239883777,4951.755390404791
47,0,-3699.297361130337,4414.69049535446
47,1,-3699.297361130337,4414.69049535446
47,2,-3699.297361130337,4414.69049535446
47,3,-3699.297361130337,4414.69049535446
47,4,-3699.297361130337,4414.69049535446
48,0,-2625.6342940268223,5006.233341625883
48,1,-2625.6342940268223,5006.233341625883
48,2,-2625.6342940268223,5006.233341625883
48,3,-2625.6342940268223,5006.233341625883
48,4,-2625.6342940268223,5006.233341625883
49,0,-3490.310035521428,4751.383564535869
49,1,-3490.310035521428,4751.383564535869
49,2,-3490.310035521428,4751.383564535869
49,3,-3490.310035521428,4751.383564535869
49,4,-3490.310035521428,4751.383564535869
50,0,-2378.636615530643,4189.162359893643
50,1,-2378.636615530643,4189.162359893643
50,2,-2378.636615530643,4189.162359893643
50,3,-2378.636615530643,4189.162359893643
50,4,-2378.636615530643,4189.162359893643
51,0,-2604.309863424972,4292.879439673368
51,1,-2604.309863424972,4292.879439673368
51,2,-2604.309863424972,4292.879439673368
51,3,-2604.309863424972,4292.879439673368
51,4,-2604.309863424972,4292.879439673368
52,0,-2586.780487763081,4407.644974305528
52,1,-2586.780487763081,4407.644974305528
52,2,-2586.780487763081,4407.644974305528
52,3,-2586.780487763081,4407.644974305528
52,4,-2586.780487763081,4407.644974305528
53,0,-2472.3889922072003,4585.156631035126
53,1,-2472.3889922072003,4585.156631035126
53,2,-2472.3889922072003,4585.156631035126
53,3,-2472.3889922072003,4585.156631035126
53,4,-2472.3889922072003,4585.156631035126
54,0,-2574.367680302816,4602.577307551521
54,1,-2574.367680302816,4602.577307551521
54,2,-2574.367680302816,4602.577307551521
54,3,-2574.367680302816,4602.577307551521
54,4,-2574.367680302816,4602.577307551521
55,0,-2919.104708918752,4405.9933280502455
55,1,-2919.104708918752,4405.9933280502455
55,2,-2919.104708918752,4405.9933280502455
55,3,-2919.104708918752,4405.9933280502455
55,4,-2919.104708918752,4405.9933280502455
56,0,-3065.7259816810024,4667.343052744988
56,1,-3065.7259816810024,4667.343052744988
56,2,-3065.7259816810024,4667.343052744988
56,3,-3065.7259816810024,4667.343052744988
56,4,-3065.7259816810024,4667.343052744988
57,0,-2879.3025566506217,5077.883190348963
57,1,-2879.3025566506217,5077.883190348963
57,2,-2879.3025566506217,5077.883190348963
57,3,-2879.3025566506217,5077.883190348963
57,4,-2879.3025566506217,5077.883190348963
58,0,-3218.3854391111417,4584.260495255016
58,1,-3218.3854391111417,4584.260495255016
58,2,-3218.3854391111417,4584.260495255016
58,3,-3218.3854391111417,4584.260495255016
58,4,-3218.3854391111417,4584.260495255016
59,0,-2825.139619079019,4762.178941678889
59,1,-2825.139619079019,4762.178941678889
59,2,-2825.139619079019,4762.178941678889
59,3,-2825.139619079019,4762.178941678889
59,4,-2825.139619079019,4762.178941678889
60,0,-3193.455200385112,5319.712746095289
60,1,-3193.455200385112,5319.712746095289
60,2,-3193.455200385112,5319.712746095289
60,3,-3193.455200385112,5319.712746095289
60,4,-3193.455200385112,5319.712746095289
61,0,-4272.273662606544,5951.1983213736485
61,1,-4272.273662606544,5951.1983213736485
61,2,-4272.273662606544,5951.1983213736485
61,3,-4272.273662606544,5951.1983213736485
61,4,-4272.273662606544,5951.1983213736485
62,0,-3258.100062281853,4819.0716194045835
62,1,-3258.100062281853,4819.0716194045835
62,2,-3258.100062281853,4819.0716194045835
62,3,-3258.100062281853,4819.0716194045835
62,4,-3258.100062281853,4819.0716194045835
63,0,-3613.031326817656,5182.976951755124
63,1,-3613.031326817656,5182.976951755124
63,2,-3613.031326817656,5182.976951755124
63,3,-3613.031326817656,5182.976951755124
63,4,-3613.031326817656,5182.976951755124
64,0,-3350.661204941709,5390.061372979628
64,1,-3350.661204941709,5390.061372979628
64,2,-3350.661204941709,5390.061372979628
64,3,-3350.661204941709,5390.061372979628
64,4,-3350.661204941709,5390.061372979628
65,0,-3198.227807134614,6371.953935653642
65,1,-3198.227807134614,6371.953935653642
65,2,-3198.227807134614,6371.953935653642
65,3,-3198.227807134614,6371.953935653642
65,4,-3198.227807134614,6371.953935653642
66,0,-4934.738918673867,5290.535003637832
66,1,-4934.738918673867,5290.535003637832
66,2,-4934.738918673867,5290.535003637832
66,3,-4934.738918673867,5290.535003637832
66,4,-4934.738918673867,5290.535003637832
67,0,-4319.017169678382,5432.992288457384
67,1,-4319.017169678382,5432.992288457384
67,2,-4319.017169678382,5432.992288457384
67,3,-4319.017169678382,5432.992288457384
67,4,-4319.017169678382,5432.992288457384
68,0,-2899.1150558033005,4660.253185199992
68,1,-2899.1150558033005,4660.253185199992
68,2,-2899.1150558033005,4660.253185199992
68,3,-2899.1150558033005,4660.253185199992
68,4,-2899.1150558033005,4660.253185199992
69,0,-3327.4388112971706,5570.930624671929
69,1,-3327.4388112971706,5570.930624671929
69,2,-3327.4388112971706,5570.930624671929
69,3,-3327.4388112971706,5570.930624671929
69,4,-3327.4388112971706,5570.930624671929
70,0,-3471.678070958501,5630.332415345512
70,1,-3471.678070958501,5630.332415345512
70,2,-3471.678070958501,5630.332415345512
70,3,-3471.678070958501,5630.332415345512
70,4,-3471.678070958501,5630.332415345512
71,0,-3946.8415324777225,6215.836401245372
71,1,-3946.8415324777225,6215.836401245372
71,2,-3946.8415324777225,6215.836401245372
71,3,-3946.8415324777225,6215.836401245372
71,4,-3946.8415324777225,6215.836401245372
72,0,-4045.4183010410616,6382.200498448548
72,1,-4045.4183010410616,6382.200498448548
72,2,-4045.4183010410616,6382.200498448548
72,3,-4045.4183010410616,6382.200498448548
72,4,-4045.4183010410616,6382.200498448548
73,0,-3539.077014674,6103.836234219048
73,1,-3539.077014674,6103.836234219048
73,2,-3539.077014674,6103.836234219048
73,3,-3539.077014674,6103.836234219048
73,4,-3539.077014674,6103.836234219048
74,0,-3837.536891308685,6378.794535872659
74,1,-3837.536891308685,6378.794535872659
74,2,-3837.536891308685,6378.794535872659
74,3,-3837.536891308685,6378.794535872659
74,4,-3837.536891308685,6378.794535872659
75,0,-3887.4888704919354,7011.8355901566965
75,1,-3887.4888704919354,7011.8355901566965
75,2,-3887.4888704919354,7011.8355901566965
75,3,-3887.4888704919354,7011.8355901566965
75,4,-3887.4888704919354,7011.8355901566965
76,0,-4347.84888858346,6808.247376651091
76,1,-4347.84888858346,6808.247376651091
76,2,-4347.84888858346,6808.247376651091
76,3,-4347.84888858346,6808.247376651091
76,4,-4347.84888858346,6808.247376651091
77,0,-3861.1510490710666,6276.529736035207
77,1,-3861.1510490710666,6276.529736035207
77,2,-3861.1510490710666,6276.529736035207
77,3,-3861.1510490710666,6276.529736035207
77,4,-3861.1510490710666,6276.529736035207
78,0,-4506.1954575783,6233.361934415508
78,1,-4506.1954575783,6233.361934415508
78,2,-4506.1954575783,6233.361934415508
78,3,-4506.1954575783,6233.361934415508
78,4,-4506.1954575783,6233.361934415508
79,0,-4332.147680749648,6504.942609419715
79,1,-4332.147680749648,6504.942609419715
79,2,-4332.147680749648,6504.942609419715
79,3,-4332.147680749648,6504.942609419715
79,4,-4332.147680749648,6504.942609419715
80,0,-4072.6860558307894,7253.48172171138
80,1,-4072.6860558307894,7253.48172171138
80,2,-4072.6860558307894,7253.48172171138
80,3,-4072.6860558307894,7253.48172171138
80,4,-4072.6860558307894,7253.48172171138
81,0,-4096.654263409087,5836.5902598381035
81,1,-4096.654263409087,5836.5902598381035
81,2,-4096.654263409087,5836.5902598381035
81,3,-4096.654263409087,5836.5902598381035
81,4,-4096.654263409087,5836.5902598381035
82,0,-3924.7150148810792,6237.659711931308
82,1,-3924.7150148810792,6237.659711931308
82,2,-3924.7150148810792,6237.659711931308
82,3,-3924.7150148810792,6237.659711931308
82,4,-3924.7150148810792,6237.659711931308
83,0,-3535.8063636094817,5674.170478892469
83,1,-3535.8063636094817,5674.170478892469
83,2,-3535.8063636094817,5674.170478892469
83,3,-3535.8063636094817,5674.170478892469
83,4,-3535.8063636094817,5674.170478892469
84,0,-3588.263420101066,5782.484513550992
84,1,-3588.263420101066,5782.484513550992
84,2,-3588.263420101066,5782.484513550992
84,3,-3588.263420101066,5782.484513550992
84,4,-3588.263420101066,5782.484513550992
85,0,-5142.50767023757,5539.644013770789
85,1,-5142.50767023757,5539.644013770789
85,2,-5142.50767023757,5539.644013770789
85,3,-5142.50767023757,5539.644013770789
85,4,-5142.50767023757,5539.644013770789
86,0,-3866.4499180383286,6841.905854185843
86,1,-3866.4499180383286,6841.905854185843
86,2,-3866.4499180383286,6841.905854185843
86,3,-3866.4499180383286,6841.905854185843
86,4,-3866.4499180383286,6841.905854185843
87,0,-3710.5712887307145,6310.852343631681
87,1,-3710.5712887307145,6310.852343631681
87,2,-3710.5712887307145,6310.852343631681
87,3,-3710.5712887307145,6310.852343631681
87,4,-3710.5712887307145,6310.852343631681
88,0,-3991.4989869808815,5563.1232778666445
88,1,-3991.4989869808815,5563.1232778666445
88,2,-3991.4989869808815,5563.1232778666445
88,3,-3991.4989869808815,5563.1232778666445
88,4,-3991.4989869808815,5563.1232778666445
89,0,-3526.2561642638225,6422.118409266092
89,1,-3526.2561642638225,6422.118409266092
89,2,-3526.2561642638225,6422.118409266092
89,3,-3526.2561642638225,6422.118409266092
89,4,-3526.2561642638225,6422.118409266092
90,0,-3410.515964445649,5404.606730848853
90,1,-3410.515964445649,5404.606730848853
90,2,-3410.515964445649,5404.606730848853
90,3,-3410.515964445649,5404.606730848853
90,4,-3410.515964445649,5404.606730848853
91,0,-4110.67245950768,5229.213429433469
91,1,-4110.67245950768,5229.213429433469
91,2,-4110.67245950768,5229.213429433469
91,3,-4110.67245950768,5229.213429433469
91,4,-4110.67245950768,5229.213429433469
92,0,-3996.7315824805937,5164.605382286849
92,1,-3996.7315824805937,5164.605382286849
92,2,-3996.7315824805937,5164.605382286849
92,3,-3996.7315824805937,5164.605382286849
92,4,-3996.7315824805937,5164.605382286849
93,0,-3019.54981564478,4971.542372535657
93,1,-3019.54981564478,4971.542372535657
93,2,-3019.54981564478,4971.542372535657
93,3,-3019.54981564478,4971.542372535657
93,4,-3019.54981564478,4971.542372535657
94,0,-3423.757453642149,5388.056024864219
94,1,-3423.757453642149,5388.056024864219
94,2,-3423.757453642149,5388.056024864219
94,3,-3423.757453642149,5388.056024864219
94,4,-3423.757453642149,5388.056024864219
95,0,-3683.737241531396,5856.3284737205995
95,1,-3683.737241531396,5856.3284737205995
95,2,-3683.737241531396,5856.3284737205995
95,3,-3683.737241531396,5856.3284737205995
95,4,-3683.737241531396,5856.3284737205995
96,0,-2960.309158075751,5075.123124347953
96,1,-2960.309158075751,5075.123124347953
96,2,-2960.309158075751,5075.123124347953
96,3,-2960.309158075751,5075.123124347953
96,4,-2960.309158075751,5075.123124347953
97,0,-3243.814925472176,5166.532743617156
97,1,-3243.814925472176,5166.532743617156
97,2,-3243.814925472176,5166.532743617156
97,3,-3243.814925472176,5166.532743617156
97,4,-3243.814925472176,5166.532743617156
98,0,-3372.182938987005,5821.173396348822
98,1,-3372.182938987005,5821.173396348822
98,2,-3372.182938987005,5821.173396348822
98,3,-3372.182938987005,5821.173396348822
98,4,-3372.182938987005,5821.173396348822
99,0,-4134.327638107252,5663.251635742393
99,1,-4134.327638107252,5663.251635742393
99,2,-4134.327638107252,5663.251635742393
99,3,-4134.327638107252,5663.251635742393
99,4,-4134.327638107252,5663.251635742393
100,0,-2604.2608794268144,4513.750095226309
100,1,-2604.2608794268144,4513.750095226309
100,2,-2604.2608794268144,4513.750095226309
100,3,-2604.2608794268144,4513.750095226309
100,4,-2604.2608794268144,4513.750095226309
101,0,-3302.5490950702733,5318.22538827156
101,1,-3302.5490950702733,5318.22538827156
101,2,-3302.5490950702733,5318.22538827156
101,3,-3302.5490950702733,5318.22538827156
101,4,-3302.5490950702733,5318.22538827156
102,0,-5588.571798965527,6776.62793175494
102,1,-5588.571798965527,6776.62793175494
102,2,-5588.571798965527,6776.62793175494
102,3,-5588.571798965527,6776.62793175494
102,4,-5588.571798965527,6776.62793175494
103,0,-3463.2447043757516,5385.577802660114
103,1,-3463.2447043757516,5385.577802660114
103,2,-3463.2447043757516,5385.577802660114
103,3,-3463.2447043757516,5385.577802660114
103,4,-3463.2447043757516,5385.577802660114
104,0,-4262.465040735785,3980.2146790035745
104,1,-4262.465040735785,3980.2146790035745
104,2,-4262.465040735785,3980.2146790035745
104,3,-4262.465040735785,3980.2146790035745
104,4,-4262.465040735785,3980.2146790035745
105,0,-3684.736826671719,4641.830069983681
105,1,-3684.736826671719,4641.830069983681
105,2,-3684.736826671719,4641.830069983681
105,3,-3684.736826671719,4641.830069983681
105,4,-3684.736826671719,4641.830069983681
106,0,-4079.751335516733,4370.886389066616
106,1,-4079.751335516733,4370.886389066616
106,2,-4079.751335516733,4370.886389066616
106,3,-4079.751335516733,4370.886389066616
106,4,-4079.751335516733,4370.886389066616
107,0,-2526.3383819026776,4699.227408851104
107,1,-2526.3383819026776,4699.227408851104
107,2,-2526.3383819026776,4699.227408851104
107,3,-2526.3383819026776,4699.227408851104
107,4,-2526.3383819026776,4699.227408851104
108,0,-3183.848138281762,4771.837722131428
108,1,-3183.848138281762,4771.837722131428
108,2,-3183.848138281762,4771.837722131428
108,3,-3183.848138281762,4771.837722131428
108,4,-3183.848138281762,4771.837722131428
109,0,-3942.2985448925688,5098.565569603163
109,1,-3942.2985448925688,5098.565569603163
109,2,-3942.2985448925688,5098.565569603163
109,3,-3942.2985448925688,5098.565569603163
109,4,-3942.2985448925688,5098.565569603163
110,0,-3026.885782004216,5275.579100474179
110,1,-3026.885782004216,5275.579100474179
110,2,-3026.885782004216,5275.579100474179
110,3,-3026.885782004216,5275.579100474179
110,4,-3026.885782004216,5275.579100474179
111,0,-2671.7264826375385,5706.579037693432
111,1,-2671.7264826375385,5706.579037693432
111,2,-2671.7264826375385,5706.579037693432
111,3,-2671.7264826375385,5706.579037693432
111,4,-2671.7264826375385,5706.579037693432
112,0,-2930.8157457887855,4540.007577480627
112,1,-2930.8157457887855,4540.007577480627
112,2,-2930.8157457887855,4540.007577480627
112,3,-2930.8157457887855,4540.007577480627
112,4,-2930.8157457887855,4540.007577480627
113,0,-2618.2184398257145,4814.339693820189
113,1,-2618.2184398257145,4814.339693820189
113,2,-2618.2184398257145,4814.339693820189
113,3,-2618.2184398257145,4814.339693820189
113,4,-2618.2184398257145,4814.339693820189
114,0,-3209.553145657428,5383.760295650423
114,1,-3209.553145657428,5383.760295650423
114,2,-3209.553145657428,5383.760295650423
114,3,-3209.553145657428,5383.760295650423
114,4,-3209.553145657428,5383.760295650423
115,0,-3659.167854249196,5542.896364537655
115,1,-3659.167854249196,5542.896364537655
115,2,-3659.167854249196,5542.896364537655
115,3,-3659.167854249196,5542.896364537655
115,4,-3659.167854249196,5542.896364537655
116,0,-7796.24366175578,7225.587747388232
116,1,-7796.24366175578,7225.587747388232
116,2,-7796.24366175578,7225.587747388232
116,3,-7796.24366175578,7225.587747388232
116,4,-7796.24366175578,7225.587747388232
117,0,-4657.528940571925,6806.680440289108
117,1,-4657.528940571925,6806.680440289108
117,2,-4657.528940571925,6806.680440289108
117,3,-4657.528940571925,6806.680440289108
117,4,-4657.528940571925,6806.680440289108
118,0,-3664.576189078784,6713.396536177284
118,1,-3664.576189078784,6713.396536177284
118,2,-3664.576189078784,6713.396536177284
118,3,-3664.576189078784,6713.396536177284
118,4,-3664.576189078784,6713.396536177284
119,0,-4549.470837600404,7861.472398563933
119,1,-4549.470837600404,7861.472398563933
119,2,-4549.470837600404,7861.472398563933
119,3,-4549.470837600404,7861.472398563933
119,4,-4549.470837600404,7861.472398563933
120,0,-4407.412989354403,7511.855572597169
120,1,-4407.412989354403,7511.855572597169
120,2,-4407.412989354403,7511.855572597169
120,3,-4407.412989354403,7511.855572597169
120,4,-4407.412989354403,7511.855572597169
121,0,-4396.791409291973,5913.052515273128
121,1,-4396.791409291973,5913.052515273128
121,2,-4396.791409291973,5913.052515273128
121,3,-4396.791409291973,5913.052515273128
121,4,-4396.791409291973,5913.052515273128
122,0,-2886.906987128565,5363.308521432367
122,1,-2886.906987128565,5363.308521432367
122,2,-2886.906987128565,5363.308521432367
122,3,-2886.906987128565,5363.308521432367
122,4,-2886.906987128565,5363.308521432367
123,0,-3055.433857059601,5223.745691278966
123,1,-3055.433857059601,5223.745691278966
123,2,-3055.433857059601,5223.745691278966
123,3,-3055.433857059601,5223.745691278966
123,4,-3055.433857059601,5223.745691278966
124,0,-3287.8370764900687,5622.044045343558
124,1,-3287.8370764900687,5622.044045343558
124,2,-3287.8370764900687,5622.044045343558
124,3,-3287.8370764900687,5622.044045343558
124,4,-3287.8370764900687,5622.044045343558
125,0,-2952.589379396092,5227.368088907603
125,1,-2952.589379396092,5227.368088907603
125,2,-2952.589379396092,5227.368088907603
125,3,-2952.589379396092,5227.368088907603
125,4,-2952.589379396092,5227.368088907603
126,0,-2698.8331680869355,5126.619116013508
126,1,-2698.8331680869355,5126.619116013508
126,2,-2698.8331680869355,5126.619116013508
126,3,-2698.8331680869355,5126.619116013508
126,4,-2698.8331680869355,5126.619116013508
127,0,-2902.9484240376246,4908.614522129323
127,1,-2902.9484240376246,4908.614522129323
127,2,-2902.9484240376246,4908.614522129323
127,3,-2902.9484240376246,4908.614522129323
127,4,-2902.9484240376246,4908.614522129323
128,0,-3264.7156676079676,5440.51297084764
128,1,-3264.7156676079676,5440.51297084764
128,2,-3264.7156676079676,5440.51297084764
128,3,-3264.7156676079676,5440.51297084764
128,4,-3264.7156676079676,5440.51297084764
129,0,-2932.016214832015,5459.679812056669
129,1,-2932.016214832015,5459.679812056669
129,2,-2932.016214832015,5459.679812056669
129,3,-2932.016214832015,5459.679812056669
129,4,-2932.016214832015,5459.679812056669
130,0,-3042.419817562905,6018.339967767113
130,1,-3042.419817562905,6018.339967767113
130,2,-3042.419817562905,6018.339967767113
130,3,-3042.419817562905,6018.339967767113
130,4,-3042.419817562905,6018.339967767113
131,0,-2411.503805867316,4538.273792025312
131,1,-2411.503805867316,4538.273792025312
131,2,-2411.503805867316,4538.273792025312
131,3,-2411.503805867316,4538.273792025312
131,4,-2411.503805867316,4538.273792025312
132,0,-3301.872220868529,4762.611459270362
132,1,-3301.872220868529,4762.611459270362
132,2,-3301.872220868529,4762.611459270362
132,3,-3301.872220868529,4762.611459270362
132,4,-3301.872220868529,4762.611459270362
133,0,-2951.4053967567206,5058.663066770322
133,1,-2951.4053967567206,5058.663066770322
133,2,-2951.4053967567206,5058.663066770322
133,3,-2951.4053967567206,5058.663066770322
133,4,-2951.4053967567206,5058.663066770322
134,0,-2867.234513012205,4846.139969813522
134,1,-2867.234513012205,4846.139969813522
134,2,-2867.234513012205,4846.139969813522
134,3,-2867.234513012205,4846.139969813522
134,4,-2867.234513012205,4846.139969813522
135,0,-4666.726421038376,5894.371999265377
135,1,-4666.726421038376,5894.371999265377
135,2,-4666.726421038376,5894.371999265377
135,3,-4666.726421038376,5894.371999265377
135,4,-4666.726421038376,5894.371999265377
136,0,-4873.61190646539,6544.286709530064
136,1,-4873.61190646539,6544.286709530064
136,2,-4873.61190646539,6544.286709530064
136,3,-4873.61190646539,6544.286709530064
136,4,-4873.61190646539,6544.286709530064
137,0,-5363.257791824392,6668.157571463227
137,1,-5363.257791824392,6668.157571463227
137,2,-5363.257791824392,6668.157571463227
137,3,-5363.257791824392,6668.157571463227
137,4,-5363.257791824392,6668.157571463227
138,0,-2818.503536056237,3948.5796932599856
138,1,-2818.503536056237,3948.5796932599856
138,2,-2818.503536056237,3948.5796932599856
138,3,-2818.503536056237,3948.5796932599856
138,4,-2818.503536056237,3948.5796932599856
139,0,-2761.725831320231,4210.744760200342
139,1,-2761.725831320231,4210.744760200342
139,2,-2761.725831320231,4210.744760200342
139,3,-2761.725831320231,4210.744760200342
139,4,-2761.725831320231,4210.744760200342
140,0,-2584.9428445623616,4206.964481885509
140,1,-2584.9428445623616,4206.964481885509
140,2,-2584.9428445623616,4206.964481885509
140,3,-2584.9428445623616,4206.964481885509
140,4,-2584.9428445623616,4206.964481885509
141,0,-3693.4713137701674,4685.938145117885
141,1,-3693.4713137701674,4685.938145117885
141,2,-3693.4713137701674,4685.938145117885
141,3,-3693.4713137701674,4685.938145117885
141,4,-3693.4713137701674,4685.938145117885
142,0,-3371.857143180092,5791.377245501565
142,1,-3371.857143180092,5791.377245501565
142,2,-3371.857143180092,5791.377245501565
142,3,-3371.857143180092,5791.377245501565
142,4,-3371.857143180092,5791.377245501565
143,0,-3606.209621138259,5617.5264201868895
143,1,-3606.209621138259,5617.5264201868895
143,2,-3606.209621138259,5617.5264201868895
143,3,-3606.209621138259,5617.5264201868895
143,4,-3606.209621138259,5617.5264201868895
144,0,-3482.403065824891,5670.417869867284
144,1,-3482.403065824891,5670.417869867284
144,2,-3482.403065824891,5670.417869867284
144,3,-3482.403065824891,5670.417869867284
144,4,-3482.403065824891,5670.417869867284
145,0,-4267.711679770278,6197.956930045779
145,1,-4267.711679770278,6197.956930045779
145,2,-4267.711679770278,6197.956930045779
145,3,-4267.711679770278,6197.956930045779
145,4,-4267.711679770278,6197.956930045779
146,0,-3363.02101081746,5889.200049187997
146,1,-3363.02101081746,5889.200049187997
146,2,-3363.02101081746,5889.200049187997
146,3,-3363.02101081746,5889.200049187997
146,4,-3363.02101081746,5889.200049187997
147,0,-3033.6456070645622,5800.735925256006
147,1,-3033.6456070645622,5800.735925256006
147,2,-3033.6456070645622,5800.735925256006
147,3,-3033.6456070645622,5800.735925256006
147,4,-3033.6456070645622,5800.735925256006
148,0,-4286.903558505106,6091.19351906572
148,1,-4286.903558505106,6091.19351906572
148,2,-4286.903558505106,6091.19351906572
148,3,-4286.903558505106,6091.19351906572
148,4,-4286.903558505106,6091.19351906572
149,0,-3154.255995494571,5074.318147328103
149,1,-3154.255995494571,5074.318147328103
149,2,-3154.255995494571,5074.318147328103
149,3,-3154.255995494571,5074.318147328103
149,4,-3154.255995494571,5074.318147328103
150,0,-3429.094656578113,5525.18791589439
150,1,-3429.094656578113,5525.18791589439
150,2,-3429.094656578113,5525.18791589439
150,3,-3429.094656578113,5525.18791589439
150,4,-3429.094656578113,5525.18791589439
151,0,-3399.588719319236,5381.754951101155
151,1,-3399.588719319236,5381.754951101155
151,2,-3399.588719319236,5381.754951101155
151,3,-3399.588719319236,5381.754951101155
151,4,-3399.588719319236,5381.754951101155
152,0,-3248.3399053515413,5224.026369608425
152,1,-3248.3399053515413,5224.026369608425
152,2,-3248.3399053515413,5224.026369608425
152,3,-3248.3399053515413,5224.026369608425
152,4,-3248.3399053515413,5224.026369608425
153,0,-3386.557869573116,5724.79251574633
153,1,-3386.557869573116,5724.79251574633
153,2,-3386.557869573116,5724.79251574633
153,3,-3386.557869573116,5724.79251574633
153,4,-3386.557869573116,5724.79251574633
154,0,-5272.24597522444,5197.185502769225
154,1,-5272.24597522444,5197.185502769225
154,2,-5272.24597522444,5197.185502769225
154,3,-5272.24597522444,5197.185502769225
154,4,-5272.24597522444,5197.185502769225
155,0,-2951.1302324645944,5026.286266814399
155,1,-2951.1302324645944,5026.286266814399
155,2,-2951.1302324645944,5026.286266814399
155,3,-2951.1302324645944,5026.286266814399
155,4,-2951.1302324645944,5026.286266814399
156,0,-3039.9334994872547,5057.723973662278
156,1,-3039.9334994872547,5057.723973662278
156,2,-3039.9334994872547,5057.723973662278
156,3,-3039.9334994872547,5057.723973662278
156,4,-3039.9334994872547,5057.723973662278
157,0,-3462.214527835644,5614.559848308021
157,1,-3462.214527835644,5614.559848308021
157,2,-3462.214527835644,5614.559848308021
157,3,-3462.214527835644,5614.559848308021
157,4,-3462.214527835644,5614.559848308021
158,0,-3331.690469313208,5298.440508363214
158,1,-3331.690469313208,5298.440508363214
158,2,-3331.690469313208,5298.440508363214
158,3,-3331.690469313208,5298.440508363214
158,4,-3331.690469313208,5298.440508363214
159,0,-3895.9244688431254,6383.989914959498
159,1,-3895.9244688431254,6383.989914959498
159,2,-3895.9244688431254,6383.989914959498
159,3,-3895.9244688431254,6383.989914959498
159,4,-3895.9244688431254,6383.989914959498
160,0,-5103.629624651448,7267.398917890182
160,1,-5103.629624651448,7267.398917890182
160,2,-5103.629624651448,7267.398917890182
160,3,-5103.629624651448,7267.398917890182
160,4,-5103.629624651448,7267.398917890182
161,0,-3631.8441705116825,5972.346745861666
161,1,-3631.8441705116825,5972.346745861666
161,2,-3631.8441705116825,5972.346745861666
161,3,-3631.8441705116825,5972.346745861666
161,4,-3631.8441705116825,5972.346745861666
162,0,-3604.1509167341264,6344.923379771924
162,1,-3604.1509167341264,6344.923379771924
162,2,-3604.1509167341264,6344.923379771924
162,3,-3604.1509167341264,6344.923379771924
162,4,-3604.1509167341264,6344.923379771924
163,0,-3876.3493371491545,6871.556563821494
163,1,-3876.3493371491545,6871.556563821494
163,2,-3876.3493371491545,6871.556563821494
163,3,-3876.3493371491545,6871.556563821494
163,4,-3876.3493371491545,6871.556563821494
164,0,-3398.1844085472007,6477.2679245592635
164,1,-3398.1844085472007,6477.2679245592635
164,2,-3398.1844085472007,6477.2679245592635
164,3,-3398.1844085472007,6477.2679245592635
164,4,-3398.1844085472007,6477.2679245592635
165,0,-6374.000356625122,6360.743238828058
165,1,-6374.000356625122,6360.743238828058
165,2,-6374.000356625122,6360.743238828058
165,3,-6374.000356625122,6360.743238828058
165,4,-6374.000356625122,6360.743238828058
166,0,-3450.333578061727,5986.9932371109035
166,1,-3450.333578061727,5986.9932371109035
166,2,-3450.333578061727,5986.9932371109035
166,3,-3450.333578061727,5986.9932371109035
166,4,-3450.333578061727,5986.9932371109035
167,0,-3510.2713896895616,5803.714446786469
167,1,-3510.2713896895616,5803.714446786469
167,2,-3510.2713896895616,5803.714446786469
167,3,-3510.2713896895616,5803.714446786469
167,4,-3510.2713896895616,5803.714446786469
168,0,-3592.4293370835862,6224.169004731053
168,1,-3592.4293370835862,6224.169004731053
168,2,-3592.4293370835862,6224.169004731053
168,3,-3592.4293370835862,6224.169004731053
168,4,-3592.4293370835862,6224.169004731053
169,0,-3912.9119598352654,6039.332879736111
169,1,-3912.9119598352654,6039.332879736111
169,2,-3912.9119598352654,6039.332879736111
169,3,-3912.9119598352654,6039.332879736111
169,4,-3912.9119598352654,6039.332879736111
170,0,-3767.464220023156,6707.870588943538
170,1,-3767.464220023156,6707.870588943538
170,2,-3767.464220023156,6707.870588943538
170,3,-3767.464220023156,6707.870588943538
170,4,-3767.464220023156,6707.870588943538
171,0,-2756.0395483249713,4151.523837214836
171,1,-2756.0395483249713,4151.523837214836
171,2,-2756.0395483249713,4151.523837214836
171,3,-2756.0395483249713,4151.523837214836
171,4,-2756.0395483249713,4151.523837214836
172,0,-2864.064737227759,4598.672348765429
172,1,-2864.064737227759,4598.672348765429
172,2,-2864.064737227759,4598.672348765429
172,3,-2864.064737227759,4598.672348765429
172,4,-2864.064737227759,4598.672348765429
173,0,-2999.2918599919703,4452.14962731586
173,1,-2999.2918599919703,4452.14962731586
173,2,-2999.2918599919703,4452.14962731586
173,3,-2999.2918599919703,4452.14962731586
173,4,-2999.2918599919703,4452.14962731586
174,0,-3740.0984101710815,5403.055780918321
174,1,-3740.0984101710815,5403.055780918321
174,2,-3740.0984101710815,5403.055780918321
174,3,-3740.0984101710815,5403.055780918321
174,4,-3740.0984101710815,5403.055780918321
175,0,-4362.775158636322,5425.6711725831565
175,1,-4362.775158636322,5425.6711725831565
175,2,-4362.775158636322,5425.6711725831565
175,3,-4362.775158636322,5425.6711725831565
175,4,-4362.775158636322,5425.6711725831565
176,0,-3343.2726631712712,5747.553768234548
176,1,-3343.2726631712712,5747.553768234548
176,2,-3343.2726631712712,5747.553768234548
176,3,-3343.2726631712712,5747.553768234548
176,4,-3343.2726631712712,5747.553768234548
177,0,-3472.0554751822906,6154.9966357476205
177,1,-3472.0554751822906,6154.9966357476205
177,2,-3472.0554751822906,6154.9966357476205
177,3,-3472.0554751822906,6154.9966357476205
177,4,-3472.0554751822906,6154.9966357476205
178,0,-3755.412009952584,5339.272549569488
178,1,-3755.412009952584,5339.272549569488
178,2,-3755.412009952584,5339.272549569488
178,3,-3755.412009952584,5339.272549569488
178,4,-3755.412009952584,5339.272549569488
179,0,-3602.000861955021,6318.449996724203
179,1,-3602.000861955021,6318.449996724203
179,2,-3602.000861955021,6318.449996724203
179,3,-3602.000861955021,6318.449996724203
179,4,-3602.000861955021,6318.449996724203
180,0,-3123.432290137665,5490.416497210755
180,1,-3123.432290137665,5490.416497210755
180,2,-3123.432290137665,5490.416497210755
180,3,-3123.432290137665,5490.416497210755
180,4,-3123.432290137665,5490.416497210755
181,0,-2984.537274902585,5604.260788588437
181,1,-2984.537274902585,5604.260788588437
181,2,-2984.537274902585,5604.260788588437
181,3,-2984.537274902585,5604.260788588437
181,4,-2984.537274902585,5604.260788588437
182,0,-2891.224108814829,5987.648947467753
182,1,-2891.224108814829,5987.648947467753
182,2,-2891.224108814829,5987.648947467753
182,3,-2891.224108814829,5987.648947467753
182,4,-2891.224108814829,5987.648947467753
183,0,-3657.73755327776,6088.9155733832895
183,1,-3657.73755327776,6088.9155733832895
183,2,-3657.73755327776,6088.9155733832895
183,3,-3657.73755327776,6088.9155733832895
183,4,-3657.73755327776,6088.9155733832895
184,0,-3025.8519893473285,4790.570620975458
184,1,-3025.8519893473285,4790.570620975458
184,2,-3025.8519893473285,4790.570620975458
184,3,-3025.8519893473285,4790.570620975458
184,4,-3025.8519893473285,4790.570620975458
185,0,-3800.6231024837616,5447.214949890502
185,1,-3800.6231024837616,5447.214949890502
185,2,-3800.6231024837616,5447.214949890502
185,3,-3800.6231024837616,5447.214949890502
185,4,-3800.6231024837616,5447.214949890502
186,0,-3297.611432874264,5663.910002409675
186,1,-3297.611432874264,5663.910002409675
186,2,-3297.611432874264,5663.910002409675
186,3,-3297.611432874264,5663.910002409675
186,4,-3297.611432874264,5663.910002409675
187,0,-3074.3414779606815,4415.47468151049
187,1,-3074.3414779606815,4415.47468151049
187,2,-3074.3414779606815,4415.47468151049
187,3,-3074.3414779606815,4415.47468151049
187,4,-3074.3414779606815,4415.47468151049
188,0,-3493.839966969188,5628.96737272069
188,1,-3493.839966969188,5628.96737272069
188,2,-3493.839966969188,5628.96737272069
188,3,-3493.839966969188,5628.96737272069
188,4,-3493.839966969188,5628.96737272069
189,0,-3645.2913205990767,6050.70791422201
189,1,-3645.2913205990767,6050.70791422201
189,2,-3645.2913205990767,6050.70791422201
189,3,-3645.2913205990767,6050.70791422201
189,4,-3645.2913205990767,6050.70791422201
190,0,-4880.497632749894,5074.647121224912
190,1,-4880.497632749894,5074.647121224912
190,2,-4880.497632749894,5074.647121224912
190,3,-4880.497632749894,5074.647121224912
190,4,-4880.497632749894,5074.647121224912
191,0,-2814.2368133045075,4801.854688148675
191,1,-2814.2368133045075,4801.854688148675
191,2,-2814.2368133045075,4801.854688148675
191,3,-2814.2368133045075,4801.854688148675
191,4,-2814.2368133045075,4801.854688148675
192,0,-3309.4077890236904,5294.854538924478
192,1,-3309.4077890236904,5294.854538924478
192,2,-3309.4077890236904,5294.854538924478
192,3,-3309.4077890236904,5294.854538924478
192,4,-3309.4077890236904,5294.854538924478
193,0,-3459.4895628258087,6204.065756105268
193,1,-3459.4895628258087,6204.065756105268
193,2,-3459.4895628258087,6204.065756105268
193,3,-3459.4895628258087,6204.065756105268
193,4,-3459.4895628258087,6204.065756105268
194,0,-2583.435853186837,4401.3820718799325
194,1,-2583.435853186837,4401.3820718799325
194,2,-2583.435853186837,4401.3820718799325
194,3,-2583.435853186837,4401.3820718799325
194,4,-2583.435853186837,4401.3820718799325
195,0,-3385.0934710082774,4416.739114848139
195,1,-3385.0934710082774,4416.739114848139
195,2,-3385.0934710082774,4416.739114848139
195,3,-3385.0934710082774,4416.739114848139
195,4,-3385.0934710082774,4416.739114848139
196,0,-4544.058595103199,4123.490610674994
196,1,-4544.058595103199,4123.490610674994
196,2,-4544.058595103199,4123.490610674994
196,3,-4544.058595103199,4123.490610674994
196,4,-4544.058595103199,4123.490610674994
197,0,-2811.7665781463206,4283.134132511424
197,1,-2811.7665781463206,4283.134132511424
197,2,-2811.7665781463206,4283.134132511424
197,3,-2811.7665781463206,4283.134132511424
197,4,-2811.7665781463206,4283.134132511424
198,0,-3065.0939128933464,4972.318297442566
198,1,-3065.0939128933464,4972.318297442566
198,2,-3065.0939128933464,4972.318297442566
198,3,-3065.0939128933464,4972.318297442566
198,4,-3065.0939128933464,4972.318297442566
199,0,-3164.636952900564,5207.502823410736
199,1,-3164.636952900564,5207.502823410736
199,2,-3164.636952900564,5207.502823410736
199,3,-3164.636952900564,5207.502823410736
199,4,-3164.636952900564,5207.502823410736
200,0,-2956.524481877839,4591.118078492552
200,1,-2956.524481877839,4591.118078492552
200,2,-2956.524481877839,4591.118078492552
200,3,-2956.524481877839,4591.118078492552
200,4,-2956.524481877839,4591.118078492552
201,0,-2490.245239916349,4857.434839476888
201,1,-2490.245239916349,4857.434839476888
201,2,-2490.245239916349,4857.434839476888
201,3,-2490.245239916349,4857.434839476888
201,4,-2490.245239916349,4857.434839476888
202,0,-2519.4299336058125,4253.225058295371
202,1,-2519.4299336058125,4253.225058295371
202,2,-2519.4299336058125,4253.225058295371
202,3,-2519.4299336058125,4253.225058295371
202,4,-2519.4299336058125,4253.225058295371
203,0,-5388.134975781873,4601.826397024077
203,1,-5388.134975781873,4601.826397024077
203,2,-5388.134975781873,4601.826397024077
203,3,-5388.134975781873,4601.826397024077
203,4,-5388.134975781873,4601.826397024077
204,0,-2530.751601304608,4067.8441256620504
204,1,-2530.751601304608,4067.8441256620504
204,2,-2530.751601304608,4067.8441256620504
204,3,-2530.751601304608,4067.8441256620504
204,4,-2530.751601304608,4067.8441256620504
205,0,-3459.058233506176,4698.038305605576
205,1,-3459.058233506176,4698.038305605576
205,2,-3459.058233506176,4698.038305605576
205,3,-3459.058233506176,4698.038305605576
205,4,-3459.058233506176,4698.038305605576
206,0,-3463.2349989923355,5360.417940099527
206,1,-3463.2349989923355,5360.417940099527
206,2,-3463.2349989923355,5360.417940099527
206,3,-3463.2349989923355,5360.417940099527
206,4,-3463.2349989923355,5360.417940099527
207,0,-2797.2516336054564,5289.0712633118055
207,1,-2797.2516336054564,5289.0712633118055
207,2,-2797.2516336054564,5289.0712633118055
207,3,-2797.2516336054564,5289.0712633118055
207,4,-2797.2516336054564,5289.0712633118055
208,0,-2792.028507894367,4364.680390827605
208,1,-2792.028507894367,4364.680390827605
208,2,-2792.028507894367,4364.680390827605
208,3,-2792.028507894367,4364.680390827605
208,4,-2792.028507894367,4364.680390827605
209,0,-2961.779280251944,4566.004254534607
209,1,-2961.779280251944,4566.004254534607
209,2,-2961.779280251944,4566.004254534607
209,3,-2961.779280251944,4566.004254534607
209,4,-2961.779280251944,4566.004254534607
210,0,-2591.2159029973495,4534.645974367612
210,1,-2591.2159029973495,4534.645974367612
210,2,-2591.2159029973495,4534.645974367612
210,3,-2591.2159029973495,4534.645974367612
210,4,-2591.2159029973495,4534.645974367612
211,0,-2838.0980547182367,5659.768023557822
211,1,-2838.0980547182367,5659.768023557822
211,2,-2838.0980547182367,5659.768023557822
211,3,-2838.0980547182367,5659.768023557822
211,4,-2838.0980547182367,5659.768023557822
212,0,-2935.319420913336,4854.6762302583775
212,1,-2935.319420913336,4854.6762302583775
212,2,-2935.319420913336,4854.6762302583775
212,3,-2935.319420913336,4854.6762302583775
212,4,-2935.319420913336,4854.6762302583775
213,0,-2536.67431723248,4015.3799051875058
213,1,-2536.67431723248,4015.3799051875058
213,2,-2536.67431723248,4015.3799051875058
213,3,-2536.67431723248,4015.3799051875058
213,4,-2536.67431723248,4015.3799051875058
214,0,-2511.061905312235,4016.635686659057
214,1,-2511.061905312235,4016.635686659057
214,2,-2511.061905312235,4016.635686659057
214,3,-2511.061905312235,4016.635686659057
214,4,-2511.061905312235,4016.635686659057
215,0,-3299.145530939051,4288.124471786984
215,1,-3299.145530939051,4288.124471786984
215,2,-3299.145530939051,4288.124471786984
215,3,-3299.145530939051,4288.124471786984
215,4,-3299.145530939051,4288.124471786984
216,0,-2920.310837896295,4142.688912868538
216,1,-2920.310837896295,4142.688912868538
216,2,-2920.310837896295,4142.688912868538
216,3,-2920.310837896295,4142.688912868538
216,4,-2920.310837896295,4142.688912868538
217,0,-4353.477388771376,4838.74349218825
217,1,-4353.477388771376,4838.74349218825
217,2,-4353.477388771376,4838.74349218825
217,3,-4353.477388771376,4838.74349218825
217,4,-4353.477388771376,4838.74349218825
218,0,-2913.6127570466074,5281.437445940389
218,1,-2913.6127570466074,5281.437445940389
218,2,-2913.6127570466074,5281.437445940389
218,3,-2913.6127570466074,5281.437445940389
218,4,-2913.6127570466074,5281.437445940389
219,0,-2965.2228594559774,4905.273544224834
219,1,-2965.2228594559774,4905.273544224834
219,2,-2965.2228594559774,4905.273544224834
219,3,-2965.2228594559774,4905.273544224834
219,4,-2965.2228594559774,4905.273544224834
220,0,-2913.7277765164044,5201.057827661435
220,1,-2913.7277765164044,5201.057827661435
220,2,-2913.7277765164044,5201.057827661435
220,3,-2913.7277765164044,5201.057827661435
220,4,-2913.7277765164044,5201.057827661435
221,0,-3672.1198518911874,6361.004440755766
221,1,-3672.1198518911874,6361.004440755766
221,2,-3672.1198518911874,6361.004440755766
221,3,-3672.1198518911874,6361.004440755766
221,4,-3672.1198518911874,6361.004440755766
222,0,-4154.300945135004,4490.917944039552
222,1,-4154.300945135004,4490.917944039552
222,2,-4154.300945135004,4490.917944039552
222,3,-4154.300945135004,4490.917944039552
222,4,-4154.300945135004,4490.917944039552
223,0,-2603.9836304429737,4768.806442976196
223,1,-2603.9836304429737,4768.806442976196
223,2,-2603.9836304429737,4768.806442976196
223,3,-2603.9836304429737,4768.806442976196
223,4,-2603.9836304429737,4768.806442976196
224,0,-3055.1434119024298,4811.734933501917
224,1,-3055.1434119024298,4811.734933501917
224,2,-3055.1434119024298,4811.734933501917
224,3,-3055.1434119024298,4811.734933501917
224,4,-3055.1434119024298,4811.734933501917
225,0,-3812.50585202784,5998.135895707617
225,1,-3812.50585202784,5998.135895707617
225,2,-3812.50585202784,5998.135895707617
225,3,-3812.50585202784,5998.135895707617
225,4,-3812.50585202784,5998.135895707617
226,0,-3200.261345151429,5087.000648209964
226,1,-3200.261345151429,5087.000648209964
226,2,-3200.261345151429,5087.000648209964
226,3,-3200.261345151429,5087.000648209964
226,4,-3200.261345151429,5087.000648209964
227,0,-3218.849715793948,5380.377808303388
227,1,-3218.849715793948,5380.377808303388
227,2,-3218.849715793948,5380.377808303388
227,3,-3218.849715793948,5380.377808303388
227,4,-3218.849715793948,5380.377808303388
228,0,-2840.913338500863,4849.322583278614
228,1,-2840.913338500863,4849.322583278614
228,2,-2840.913338500863,4849.322583278614
228,3,-2840.913338500863,4849.322583278614
228,4,-2840.913338500863,4849.322583278614
229,0,-2519.593600738149,4146.678214223764
229,1,-2519.593600738149,4146.678214223764
229,2,-2519.593600738149,4146.678214223764
229,3,-2519.593600738149,4146.678214223764
229,4,-2519.593600738149,4146.678214223764
230,0,-2517.5395850581463,3833.603275138092
230,1,-2517.5395850581463,3833.603275138092
230,2,-2517.5395850581463,3833.603275138092
230,3,-2517.5395850581463,3833.603275138092
230,4,-2517.5395850581463,3833.603275138092
231,0,-2723.505181956155,4013.4848015866473
231,1,-2723.505181956155,4013.4848015866473
231,2,-2723.505181956155,4013.4848015866473
231,3,-2723.505181956155,4013.4848015866473
231,4,-2723.505181956155,4013.4848015866473
232,0,-2648.361728777123,4281.747539196992
232,1,-2648.361728777123,4281.747539196992
232,2,-2648.361728777123,4281.747539196992
232,3,-2648.361728777123,4281.747539196992
232,4,-2648.361728777123,4281.747539196992
233,0,-2403.505437755999,3816.2410506400274
233,1,-2403.505437755999,3816.2410506400274
233,2,-2403.505437755999,3816.2410506400274
233,3,-2403.505437755999,3816.2410506400274
233,4,-2403.505437755999,3816.2410506400274
234,0,-2564.382648051559,4096.656033221376
234,1,-2564.382648051559,4096.656033221376
234,2,-2564.382648051559,4096.656033221376
234,3,-2564.382648051559,4096.656033221376
234,4,-2564.382648051559,4096.656033221376
235,0,-2596.452126160776,4724.959883339873
235,1,-2596.452126160776,4724.959883339873
235,2,-2596.452126160776,4724.959883339873
235,3,-2596.452126160776,4724.959883339873
235,4,-2596.452126160776,4724.959883339873
236,0,-3051.843622074256,4241.107570856294
236,1,-3051.843622074256,4241.107570856294
236,2,-3051.843622074256,4241.107570856294
236,3,-3051.843622074256,4241.107570856294
236,4,-3051.843622074256,4241.107570856294
237,0,-2507.6358627941777,4186.181775438296
237,1,-2507.6358627941777,4186.181775438296
237,2,-2507.6358627941777,4186.181775438296
237,3,-2507.6358627941777,4186.181775438296
237,4,-2507.6358627941777,4186.181775438296
238,0,-2666.085354921628,4505.102012716969
238,1,-2666.085354921628,4505.102012716969
238,2,-2666.085354921628,4505.102012716969
238,3,-2666.085354921628,4505.102012716969
238,4,-2666.085354921628,4505.102012716969
239,0,-2924.824260698412,4646.699837499502
239,1,-2924.824260698412,4646.699837499502
239,2,-2924.824260698412,4646.699837499502
239,3,-2924.824260698412,4646.699837499502
239,4,-2924.824260698412,4646.699837499502
240,0,-2798.393577559633,4550.96005135514
240,1,-2798.393577559633,4550.96005135514
240,2,-2798.393577559633,4550.96005135514
240,3,-2798.393577559633,4550.96005135514
240,4,-2798.393577559633,4550.96005135514
241,0,-3451.8555432424328,4592.602281197829
241,1,-3451.8555432424328,4592.602281197829
241,2,-3451.8555432424328,4592.602281197829
241,3,-3451.8555432424328,4592.602281197829
241,4,-3451.8555432424328,4592.602281197829
242,0,-3760.327398761465,5668.724324125663
242,1,-3760.327398761465,5668.724324125663
242,2,-3760.327398761465,5668.724324125663
242,3,-3760.327398761465,5668.724324125663
242,4,-3760.327398761465,5668.724324125663
243,0,-4079.0525976785048,6470.679968142319
243,1,-4079.0525976785048,6470.679968142319
243,2,-4079.0525976785048,6470.679968142319
243,3,-4079.0525976785048,6470.679968142319
243,4,-4079.0525976785048,6470.679968142319
244,0,-7170.270136340793,5377.1626219163245
244,1,-7170.270136340793,5377.1626219163245
244,2,-7170.270136340793,5377.1626219163245
244,3,-7170.270136340793,5377.1626219163245
244,4,-7170.270136340793,5377.1626219163245
245,0,-4111.724652937353,7136.566058688802
245,1,-4111.724652937353,7136.566058688802
245,2,-4111.724652937353,7136.566058688802
245,3,-4111.724652937353,7136.566058688802
245,4,-4111.724652937353,7136.566058688802
246,0,-6064.987254333505,6211.209130054791
246,1,-6064.987254333505,6211.209130054791
246,2,-6064.987254333505,6211.209130054791
246,3,-6064.987254333505,6211.209130054791
246,4,-6064.987254333505,6211.209130054791
247,0,-3902.534778796607,7014.572406889361
247,1,-3902.534778796607,7014.572406889361
247,2,-3902.534778796607,7014.572406889361
247,3,-3902.534778796607,7014.572406889361
247,4,-3902.534778796607,7014.572406889361
248,0,-4644.652820153916,7444.942945756725
248,1,-4644.652820153916,7444.942945756725
248,2,-4644.652820153916,7444.942945756725
248,3,-4644.652820153916,7444.942945756725
248,4,-4644.652820153916,7444.942945756725
249,0,-4619.968352124382,7100.397916384523
249,1,-4619.968352124382,7100.397916384523
249,2,-4619.968352124382,7100.397916384523
249,3,-4619.968352124382,7100.397916384523
249,4,-4619.968352124382,7100.397916384523
250,0,-3816.947472190701,7631.015026938331
250,1,-3816.947472190701,7631.015026938331
250,2,-3816.947472190701,7631.015026938331
250,3,-3816.947472190701,7631.015026938331
250,4,-3816.947472190701,7631.015026938331
251,0,-6037.782968086914,7695.587823280754
251,1,-6037.782968086914,7695.587823280754
251,2,-6037.782968086914,7695.587823280754
251,3,-6037.782968086914,7695.587823280754
251,4,-6037.782968086914,7695.587823280754
252,0,-6406.331558712456,6955.46832306935
252,1,-6406.331558712456,6955.46832306935
252,2,-6406.331558712456,6955.46832306935
252,3,-6406.331558712456,6955.46832306935
252,4,-6406.331558712456,6955.46832306935
253,0,-4443.217780303413,7252.288446190382
253,1,-4443.217780303413,7252.288446190382
253,2,-4443.217780303413,7252.288446190382
253,3,-4443.217780303413,7252.288446190382
253,4,-4443.217780303413,7252.288446190382
254,0,-5079.827974769313,7751.701959552256
254,1,-5079.827974769313,7751.701959552256
254,2,-5079.827974769313,7751.701959552256
254,3,-5079.827974769313,7751.701959552256
254,4,-5079.827974769313,7751.701959552256
255,0,-6630.25716700916,8385.267394630158
255,1,-6630.25716700916,8385.267394630158
255,2,-6630.25716700916,8385.267394630158
255,3,-6630.25716700916,8385.267394630158
255,4,-6630.25716700916,8385.267394630158
256,0,-6201.621212313296,8160.525156239534
256,1,-6201.621212313296,8160.525156239534
256,2,-6201.621212313296,8160.525156239534
256,3,-6201.621212313296,8160.525156239534
256,4,-6201.621212313296,8160.525156239534
257,0,-5319.124303920217,7625.600486757933
257,1,-5319.124303920217,7625.600486757933
257,2,-5319.124303920217,7625.600486757933
257,3,-5319.124303920217,7625.600486757933
257,4,-5319.124303920217,7625.600486757933
258,0,-4256.194577785001,7679.135848948118
258,1,-4256.194577785001,7679.135848948118
258,2,-4256.194577785001,7679.135848948118
258,3,-4256.194577785001,7679.135848948118
258,4,-4256.194577785001,7679.135848948118
259,0,-4944.606691013752,8226.370521230241
259,1,-4944.606691013752,8226.370521230241
259,2,-4944.606691013752,8226.370521230241
259,3,-4944.606691013752,8226.370521230241
259,4,-4944.606691013752,8226.370521230241
260,0,-5604.2508458894135,6858.29724839074
260,1,-5604.2508458894135,6858.29724839074
260,2,-5604.2508458894135,6858.29724839074
260,3,-5604.2508458894135,6858.29724839074
260,4,-5604.2508458894135,6858.29724839074
261,0,-5317.770906469208,7011.125280982484
261,1,-5317.770906469208,7011.125280982484
261,2,-5317.770906469208,7011.125280982484
261,3,-5317.770906469208,7011.125280982484
261,4,-5317.770906469208,7011.125280982484
262,0,-5722.295818298441,6037.643105940647
262,1,-5722.295818298441,6037.643105940647
262,2,-5722.295818298441,6037.643105940647
262,3,-5722.295818298441,6037.643105940647
262,4,-5722.295818298441,6037.643105940647
263,0,-4744.78443040983,6562.549899224296
263,1,-4744.78443040983,6562.549899224296
263,2,-4744.78443040983,6562.549899224296
263,3,-4744.78443040983,6562.549899224296
263,4,-4744.78443040983,6562.549899224296
264,0,-4005.6411089941657,6664.368653950562
264,1,-4005.6411089941657,6664.368653950562
264,2,-4005.6411089941657,6664.368653950562
264,3,-4005.6411089941657,6664.368653950562
264,4,-4005.6411089941657,6664.368653950562
265,0,-5754.3957343929,6741.217509239446
265,1,-5754.3957343929,6741.217509239446
265,2,-5754.3957343929,6741.217509239446
265,3,-5754.3957343929,6741.217509239446
265,4,-5754.3957343929,6741.217509239446
266,0,-4083.102751815688,6670.001106693906
266,1,-4083.102751815688,6670.001106693906
266,2,-4083.102751815688,6670.001106693906
266,3,-4083.102751815688,6670.001106693906
266,4,-4083.102751815688,6670.001106693906
267,0,-4240.187700528017,6124.6886233668365
267,1,-4240.187700528017,6124.6886233668365
267,2,-4240.187700528017,6124.6886233668365
267,3,-4240.187700528017,6124.6886233668365
267,4,-4240.187700528017,6124.6886233668365
268,0,-4174.487594891016,6594.41191747642
268,1,-4174.487594891016,6594.41191747642
268,2,-4174.487594891016,6594.41191747642
268,3,-4174.487594891016,6594.41191747642
268,4,-4174.487594891016,6594.41191747642
269,0,-4324.567514982983,7109.9889606842025
269,1,-4324.567514982983,7109.9889606842025
269,2,-4324.567514982983,7109.9889606842025
269,3,-4324.567514982983,7109.9889606842025
269,4,-4324.567514982983,7109.9889606842025
270,0,-3896.7772336541234,7270.865560173282
270,1,-3896.7772336541234,7270.865560173282
270,2,-3896.7772336541234,7270.865560173282
270,3,-3896.7772336541234,7270.865560173282
270,4,-3896.7772336541234,7270.865560173282
271,0,-5947.078139708865,7329.342866703763
271,1,-5947.078139708865,7329.342866703763
271,2,-5947.078139708865,7329.342866703763
271,3,-5947.078139708865,7329.342866703763
271,4,-5947.078139708865,7329.342866703763
272,0,-4080.7370017167927,6826.776232699336
272,1,-4080.7370017167927,6826.776232699336
272,2,-4080.7370017167927,6826.776232699336
272,3,-4080.7370017167927,6826.776232699336
272,4,-4080.7370017167927,6826.776232699336
273,0,-4195.651432893553,7998.688476465802
273,1,-4195.651432893553,7998.688476465802
273,2,-4195.651432893553,7998.688476465802
273,3,-4195.651432893553,7998.688476465802
273,4,-4195.651432893553,7998.688476465802
274,0,-4117.9162975543,7127.279463814991
274,1,-4117.9162975543,7127.279463814991
274,2,-4117.9162975543,7127.279463814991
274,3,-4117.9162975543,7127.279463814991
274,4,-4117.9162975543,7127.279463814991
275,0,-4185.389851730245,7185.056948116728
275,1,-4185.389851730245,7185.056948116728
275,2,-4185.389851730245,7185.056948116728
275,3,-4185.389851730245,7185.056948116728
275,4,-4185.389851730245,7185.056948116728
276,0,-2944.1631384642446,3817.442206236164
276,1,-2944.1631384642446,3817.442206236164
276,2,-2944.1631384642446,3817.442206236164
276,3,-2944.1631384642446,3817.442206236164
276,4,-2944.1631384642446,3817.442206236164
277,0,-3041.138877951378,4167.910742951093
277,1,-3041.138877951378,4167.910742951093
277,2,-3041.138877951378,4167.910742951093
277,3,-3041.138877951378,4167.910742951093
277,4,-3041.138877951378,4167.910742951093
278,0,-2511.040557368715,4002.2351430766134
278,1,-2511.040557368715,4002.2351430766134
278,2,-2511.040557368715,4002.2351430766134
278,3,-2511.040557368715,4002.2351430766134
278,4,-2511.040557368715,4002.2351430766134
279,0,-2688.690806711384,3960.4351215313736
279,1,-2688.690806711384,3960.4351215313736
279,2,-2688.690806711384,3960.4351215313736
279,3,-2688.690806711384,3960.4351215313736
279,4,-2688.690806711384,3960.4351215313736
280,0,-2897.0076736333185,4958.196440120263
280,1,-2897.0076736333185,4958.196440120263
280,2,-2897.0076736333185,4958.196440120263
280,3,-2897.0076736333185,4958.196440120263
280,4,-2897.0076736333185,4958.196440120263
281,0,-3391.4990473544135,5555.340885306462
281,1,-3391.4990473544135,5555.340885306462
281,2,-3391.4990473544135,5555.340885306462
281,3,-3391.4990473544135,5555.340885306462
281,4,-3391.4990473544135,5555.340885306462
282,0,-2737.2489954221646,4629.376766103554
282,1,-2737.2489954221646,4629.376766103554
282,2,-2737.2489954221646,4629.376766103554
282,3,-2737.2489954221646,4629.376766103554
282,4,-2737.2489954221646,4629.376766103554
283,0,-2619.21324242048,4223.817265070919
283,1,-2619.21324242048,4223.817265070919
283,2,-2619.21324242048,4223.817265070919
283,3,-2619.21324242048,4223.817265070919
283,4,-2619.21324242048,4223.817265070919
284,0,-7301.245595005573,5179.815283683879
284,1,-7301.245595005573,5179.815283683879
284,2,-7301.245595005573,5179.815283683879
284,3,-7301.245595005573,5179.815283683879
284,4,-7301.245595005573,5179.815283683879
285,0,-2687.65702535741,4573.163266738316
285,1,-2687.65702535741,4573.163266738316
285,2,-2687.65702535741,4573.163266738316
285,3,-2687.65702535741,4573.163266738316
285,4,-2687.65702535741,4573.163266738316
286,0,-2717.739903227293,4412.058933593992
286,1,-2717.739903227293,4412.058933593992
286,2,-2717.739903227293,4412.058933593992
286,3,-2717.739903227293,4412.058933593992
286,4,-2717.739903227293,4412.058933593992
287,0,-6563.41743047652,7046.84469025791
287,1,-6563.41743047652,7046.84469025791
287,2,-6563.41743047652,7046.84469025791
287,3,-6563.41743047652,7046.84469025791
287,4,-6563.41743047652,7046.84469025791
288,0,-3569.0406600324336,5122.419377635596
288,1,-3569.0406600324336,5122.419377635596
288,2,-3569.0406600324336,5122.419377635596
288,3,-3569.0406600324336,5122.419377635596
288,4,-3569.0406600324336,5122.419377635596
289,0,-2812.0209295213567,4469.200248443766
289,1,-2812.0209295213567,4469.200248443766
289,2,-2812.0209295213567,4469.200248443766
289,3,-2812.0209295213567,4469.200248443766
289,4,-2812.0209295213567,4469.200248443766
290,0,-2865.144374240856,4679.976780954866
290,1,-2865.144374240856,4679.976780954866
290,2,-2865.144374240856,4679.976780954866
290,3,-2865.144374240856,4679.976780954866
290,4,-2865.144374240856,4679.976780954866
291,0,-4167.914804822695,4661.877177341444
291,1,-4167.914804822695,4661.877177341444
291,2,-4167.914804822695,4661.877177341444
291,3,-4167.914804822695,4661.877177341444
291,4,-4167.914804822695,4661.877177341444
292,0,-3044.737300372401,4622.910602238244
292,1,-3044.737300372401,4622.910602238244
292,2,-3044.737300372401,4622.910602238244
292,3,-3044.737300372401,4622.910602238244
292,4,-3044.737300372401,4622.910602238244
293,0,-3274.791683890003,5508.491006533764
293,1,-3274.791683890003,5508.491006533764
293,2,-3274.791683890003,5508.491006533764
293,3,-3274.791683890003,5508.491006533764
293,4,-3274.791683890003,5508.491006533764
294,0,-3055.801320790627,5550.527012064957
294,1,-3055.801320790627,5550.527012064957
294,2,-3055.801320790627,5550.527012064957
294,3,-3055.801320790627,5550.527012064957
294,4,-3055.801320790627,5550.527012064957
295,0,-2616.4824816372848,4415.726006054241
295,1,-2616.4824816372848,4415.726006054241
295,2,-2616.4824816372848,4415.726006054241
295,3,-2616.4824816372848,4415.726006054241
295,4,-2616.4824816372848,4415.726006054241
296,0,-2143.168329368167,4279.687679073546
296,1,-2143.168329368167,4279.687679073546
296,2,-2143.168329368167,4279.687679073546
296,3,-2143.168329368167,4279.687679073546
296,4,-2143.168329368167,4279.687679073546
297,0,-2809.261549703467,4362.923206602632
297,1,-2809.261549703467,4362.923206602632
297,2,-2809.261549703467,4362.923206602632
297,3,-2809.261549703467,4362.923206602632
297,4,-2809.261549703467,4362.923206602632
298,0,-2389.155174684114,4225.227982711577
298,1,-2389.155174684114,4225.227982711577
298,2,-2389.155174684114,4225.227982711577
298,3,-2389.155174684114,4225.227982711577
298,4,-2389.155174684114,4225.227982711577
299,0,-3570.2137514018254,4784.015722213765
299,1,-3570.2137514018254,4784.015722213765
299,2,-3570.2137514018254,4784.015722213765
299,3,-3570.2137514018254,4784.015722213765
299,4,-3570.2137514018254,4784.015722213765
300,0,-2853.7860041017248,4537.909947151176
300,1,-2853.7860041017248,4537.909947151176
300,2,-2853.7860041017248,4537.909947151176
300,3,-2853.7860041017248,4537.909947151176
300,4,-2853.7860041017248,4537.909947151176
